{"loss": 0.4502229186829729, "_timestamp": 1648803473, "_runtime": 1165, "_step": 799, "accuracy": 0.838909541511772, "_wandb": {"runtime": 1197}}