{"loss": 1.1929727274245931, "_timestamp": 1648802295, "_runtime": 16, "_step": 7, "accuracy": 0.5712515489467163}