{"loss": 0.6840964545400021, "_timestamp": 1648802236, "_runtime": 103, "_step": 67, "accuracy": 0.7534076827757125}